{
  "type": "FeatureCollection",
  "source": "OpenStreetMap via Overpass API, place=suburb|neighbourhood|quarter in Cluj-Napoca",
  "licence": "ODbL",
  "features": [
    {
      "type": "Feature",
      "properties": {
        "name": "Iris",
        "osm_type": "way",
        "osm_id": 669521911
      },
      "geometry": {
        "type": "Polygon",
        "coordinates": [
          [
            [
              23.6649939,
              46.7896877
            ],
            [
              23.6648396,
              46.7929721
            ],
            [
              23.6648394,
              46.7929919
            ],
            [
              23.6647966,
              46.7974672
            ],
            [
              23.6647537,
              46.7995678
            ],
            [
              23.6483815,
              46.7986424
            ],
            [
              23.6285912,
              46.7978106
            ],
            [
              23.6277607,
              46.7977757
            ],
            [
              23.6116889,
              46.8008898
            ],
            [
              23.6103800,
              46.8047527
            ],
            [
              23.6032346,
              46.8035190
            ],
            [
              23.6021617,
              46.7998909
            ],
            [
              23.5935786,
              46.7946321
            ],
            [
              23.5922697,
              46.7935156
            ],
            [
              23.5917333,
              46.7922081
            ],
            [
              23.5899737,
              46.7906068
            ],
            [
              23.5886120,
              46.7885478
            ],
            [
              23.5880191,
              46.7883783
            ],
            [
              23.5881928,
              46.7863021
            ],
            [
              23.5870770,
              46.7848769
            ],
            [
              23.5970346,
              46.7859894
            ],
            [
              23.5974486,
              46.7875921
            ],
            [
              23.6006236,
              46.7895042
            ],
            [
              23.6036631,
              46.7899774
            ],
            [
              23.6056324,
              46.7906481
            ],
            [
              23.6091483,
              46.7907813
            ],
            [
              23.6139391,
              46.7915324
            ],
            [
              23.6158232,
              46.7914236
            ],
            [
              23.6178541,
              46.7916620
            ],
            [
              23.6202528,
              46.7926937
            ],
            [
              23.6241942,
              46.7927583
            ],
            [
              23.6313979,
              46.7896780
            ],
            [
              23.6357317,
              46.7890758
            ],
            [
              23.6375094,
              46.7890433
            ],
            [
              23.6383483,
              46.7893471
            ],
            [
              23.6401312,
              46.7899928
            ],
            [
              23.6439491,
              46.7907449
            ],
            [
              23.6489191,
              46.7933252
            ],
            [
              23.6547705,
              46.7938479
            ],
            [
              23.6592203,
              46.7908474
            ],
            [
              23.6650425,
              46.7895827
            ],
            [
              23.6649939,
              46.7896877
            ]
          ]
        ]
      }
    },
    {
      "type": "Feature",
      "properties": {
        "name": "Bulgaria",
        "osm_type": "way",
        "osm_id": 669531060
      },
      "geometry": {
        "type": "Polygon",
        "coordinates": [
          [
            [
              23.5970346,
              46.7859894
            ],
            [
              23.6033270,
              46.7856697
            ],
            [
              23.6078383,
              46.7854404
            ],
            [
              23.6081249,
              46.7854256
            ],
            [
              23.6131332,
              46.7851677
            ],
            [
              23.6162927,
              46.7850115
            ],
            [
              23.6213247,
              46.7847569
            ],
            [
              23.6254546,
              46.7845480
            ],
            [
              23.6273342,
              46.7844529
            ],
            [
              23.6341556,
              46.7840171
            ],
            [
              23.6374193,
              46.7834538
            ],
            [
              23.6398011,
              46.7826456
            ],
            [
              23.6392217,
              46.7868625
            ],
            [
              23.6392861,
              46.7887872
            ],
            [
              23.6383483,
              46.7893471
            ],
            [
              23.6357317,
              46.7890758
            ],
            [
              23.6313979,
              46.7896780
            ],
            [
              23.6241942,
              46.7927583
            ],
            [
              23.6202528,
              46.7926937
            ],
            [
              23.6178541,
              46.7916620
            ],
            [
              23.6158232,
              46.7914236
            ],
            [
              23.6139391,
              46.7915324
            ],
            [
              23.6091483,
              46.7907813
            ],
            [
              23.6056324,
              46.7906481
            ],
            [
              23.6036631,
              46.7899774
            ],
            [
              23.6006236,
              46.7895042
            ],
            [
              23.5974486,
              46.7875921
            ],
            [
              23.5970346,
              46.7859894
            ]
          ]
        ]
      }
    },
    {
      "type": "Feature",
      "properties": {
        "name": "Someșeni",
        "osm_type": "way",
        "osm_id": 669535695
      },
      "geometry": {
        "type": "Polygon",
        "coordinates": [
          [
            [
              23.6649774,
              46.7930282
            ],
            [
              23.6871005,
              46.7949389
            ],
            [
              23.6899403,
              46.7886288
            ],
            [
              23.6998459,
              46.7894838
            ],
            [
              23.7017956,
              46.7822742
            ],
            [
              23.7006319,
              46.7815245
            ],
            [
              23.7003499,
              46.7812218
            ],
            [
              23.7002228,
              46.7800451
            ],
            [
              23.7002239,
              46.7787659
            ],
            [
              23.7001571,
              46.7763227
            ],
            [
              23.7000629,
              46.7747950
            ],
            [
              23.7001080,
              46.7737861
            ],
            [
              23.7001410,
              46.7728177
            ],
            [
              23.6999217,
              46.7728092
            ],
            [
              23.6999449,
              46.7719436
            ],
            [
              23.6992995,
              46.7719148
            ],
            [
              23.6992951,
              46.7720583
            ],
            [
              23.6975634,
              46.7720425
            ],
            [
              23.6975822,
              46.7710450
            ],
            [
              23.6955142,
              46.7709237
            ],
            [
              23.6954109,
              46.7716632
            ],
            [
              23.6947659,
              46.7723576
            ],
            [
              23.6965764,
              46.7732430
            ],
            [
              23.6961311,
              46.7736517
            ],
            [
              23.6965737,
              46.7741734
            ],
            [
              23.6966568,
              46.7748550
            ],
            [
              23.6958173,
              46.7748366
            ],
            [
              23.6958790,
              46.7744545
            ],
            [
              23.6956051,
              46.7741828
            ],
            [
              23.6940229,
              46.7737895
            ],
            [
              23.6919951,
              46.7736720
            ],
            [
              23.6914209,
              46.7735380
            ],
            [
              23.6906913,
              46.7728473
            ],
            [
              23.6896972,
              46.7723200
            ],
            [
              23.6874461,
              46.7710119
            ],
            [
              23.6869098,
              46.7698990
            ],
            [
              23.6871511,
              46.7693218
            ],
            [
              23.6870757,
              46.7690614
            ],
            [
              23.6866961,
              46.7690787
            ],
            [
              23.6856290,
              46.7706730
            ],
            [
              23.6852625,
              46.7712307
            ],
            [
              23.6842458,
              46.7721913
            ],
            [
              23.6842218,
              46.7744345
            ],
            [
              23.6831370,
              46.7764363
            ],
            [
              23.6823005,
              46.7775533
            ],
            [
              23.6821004,
              46.7777716
            ],
            [
              23.6817481,
              46.7781558
            ],
            [
              23.6802780,
              46.7797590
            ],
            [
              23.6770953,
              46.7796961
            ],
            [
              23.6686757,
              46.7791810
            ],
            [
              23.6666076,
              46.7790810
            ],
            [
              23.6682539,
              46.7762290
            ],
            [
              23.6692790,
              46.7743250
            ],
            [
              23.6700840,
              46.7704030
            ],
            [
              23.6631080,
              46.7705730
            ],
            [
              23.6607440,
              46.7732250
            ],
            [
              23.6588503,
              46.7755890
            ],
            [
              23.6546853,
              46.7743316
            ],
            [
              23.6523464,
              46.7768887
            ],
            [
              23.6462912,
              46.7766219
            ],
            [
              23.6465958,
              46.7787990
            ],
            [
              23.6458448,
              46.7800921
            ],
            [
              23.6398011,
              46.7826456
            ],
            [
              23.6392217,
              46.7868625
            ],
            [
              23.6392861,
              46.7887872
            ],
            [
              23.6383483,
              46.7893471
            ],
            [
              23.6401312,
              46.7899928
            ],
            [
              23.6439491,
              46.7907449
            ],
            [
              23.6489191,
              46.7933252
            ],
            [
              23.6547705,
              46.7938479
            ],
            [
              23.6592203,
              46.7908474
            ],
            [
              23.6650425,
              46.7895827
            ],
            [
              23.6649774,
              46.7930282
            ]
          ]
        ]
      }
    },
    {
      "type": "Feature",
      "properties": {
        "name": "Între Lacuri",
        "osm_type": "way",
        "osm_id": 669537417
      },
      "geometry": {
        "type": "Polygon",
        "coordinates": [
          [
            [
              23.6462912,
              46.7766219
            ],
            [
              23.6453821,
              46.7774623
            ],
            [
              23.6447004,
              46.7773190
            ],
            [
              23.6392632,
              46.7755598
            ],
            [
              23.6389014,
              46.7753417
            ],
            [
              23.6351685,
              46.7742120
            ],
            [
              23.6345247,
              46.7741104
            ],
            [
              23.6339273,
              46.7740151
            ],
            [
              23.6332955,
              46.7738521
            ],
            [
              23.6311896,
              46.7741497
            ],
            [
              23.6301132,
              46.7739773
            ],
            [
              23.6293270,
              46.7739860
            ],
            [
              23.6282366,
              46.7736566
            ],
            [
              23.6280802,
              46.7737931
            ],
            [
              23.6275497,
              46.7734589
            ],
            [
              23.6269066,
              46.7730237
            ],
            [
              23.6265486,
              46.7729657
            ],
            [
              23.6263280,
              46.7729329
            ],
            [
              23.6258806,
              46.7729671
            ],
            [
              23.6254880,
              46.7730461
            ],
            [
              23.6249524,
              46.7732515
            ],
            [
              23.6245208,
              46.7734126
            ],
            [
              23.6238655,
              46.7734925
            ],
            [
              23.6224758,
              46.7730331
            ],
            [
              23.6218750,
              46.7737532
            ],
            [
              23.6201429,
              46.7777249
            ],
            [
              23.6194717,
              46.7792639
            ],
            [
              23.6203944,
              46.7796607
            ],
            [
              23.6189489,
              46.7822138
            ],
            [
              23.6221449,
              46.7829390
            ],
            [
              23.6254329,
              46.7844733
            ],
            [
              23.6254546,
              46.7845480
            ],
            [
              23.6273342,
              46.7844529
            ],
            [
              23.6333363,
              46.7840677
            ],
            [
              23.6341556,
              46.7840171
            ],
            [
              23.6356847,
              46.7837995
            ],
            [
              23.6374193,
              46.7834538
            ],
            [
              23.6398011,
              46.7826456
            ],
            [
              23.6458448,
              46.7800921
            ],
            [
              23.6465958,
              46.7787990
            ],
            [
              23.6462912,
              46.7766219
            ]
          ]
        ]
      }
    },
    {
      "type": "Feature",
      "properties": {
        "name": "Mărăști",
        "osm_type": "way",
        "osm_id": 669541500
      },
      "geometry": {
        "type": "Polygon",
        "coordinates": [
          [
            [
              23.6201429,
              46.7777249
            ],
            [
              23.6176365,
              46.7772646
            ],
            [
              23.6174633,
              46.7767736
            ],
            [
              23.6168785,
              46.7760706
            ],
            [
              23.6151022,
              46.7758224
            ],
            [
              23.6140928,
              46.7756813
            ],
            [
              23.6131939,
              46.7748610
            ],
            [
              23.6120646,
              46.7741182
            ],
            [
              23.6104354,
              46.7730467
            ],
            [
              23.6103217,
              46.7727092
            ],
            [
              23.6097342,
              46.7725924
            ],
            [
              23.6092984,
              46.7721771
            ],
            [
              23.6091468,
              46.7716320
            ],
            [
              23.6075474,
              46.7719093
            ],
            [
              23.6068212,
              46.7723988
            ],
            [
              23.6066662,
              46.7725723
            ],
            [
              23.6062217,
              46.7730699
            ],
            [
              23.6035934,
              46.7722961
            ],
            [
              23.6014438,
              46.7718498
            ],
            [
              23.5999361,
              46.7733771
            ],
            [
              23.5994803,
              46.7740399
            ],
            [
              23.5985992,
              46.7753038
            ],
            [
              23.5980568,
              46.7761194
            ],
            [
              23.5978394,
              46.7766957
            ],
            [
              23.5978254,
              46.7775745
            ],
            [
              23.5980568,
              46.7777426
            ],
            [
              23.5983864,
              46.7783429
            ],
            [
              23.5968086,
              46.7784293
            ],
            [
              23.5948661,
              46.7782420
            ],
            [
              23.5938914,
              46.7780259
            ],
            [
              23.5929688,
              46.7779246
            ],
            [
              23.5934992,
              46.7800241
            ],
            [
              23.5931576,
              46.7821791
            ],
            [
              23.5933014,
              46.7828440
            ],
            [
              23.5941016,
              46.7837983
            ],
            [
              23.5954053,
              46.7845001
            ],
            [
              23.5963853,
              46.7848756
            ],
            [
              23.5968708,
              46.7854113
            ],
            [
              23.5970346,
              46.7859894
            ],
            [
              23.6033270,
              46.7856697
            ],
            [
              23.6078383,
              46.7854404
            ],
            [
              23.6081249,
              46.7854256
            ],
            [
              23.6131332,
              46.7851677
            ],
            [
              23.6162927,
              46.7850115
            ],
            [
              23.6213247,
              46.7847569
            ],
            [
              23.6254546,
              46.7845480
            ],
            [
              23.6254329,
              46.7844733
            ],
            [
              23.6221449,
              46.7829390
            ],
            [
              23.6189489,
              46.7822138
            ],
            [
              23.6203944,
              46.7796607
            ],
            [
              23.6194717,
              46.7792639
            ],
            [
              23.6201429,
              46.7777249
            ]
          ]
        ]
      }
    },
    {
      "type": "Feature",
      "properties": {
        "name": "Sopor",
        "osm_type": "way",
        "osm_id": 669544253
      },
      "geometry": {
        "type": "Polygon",
        "coordinates": [
          [
            [
              23.6390251,
              46.7711620
            ],
            [
              23.6368380,
              46.7693861
            ],
            [
              23.6340624,
              46.7686245
            ],
            [
              23.6337529,
              46.7683073
            ],
            [
              23.6338173,
              46.7674207
            ],
            [
              23.6339405,
              46.7672600
            ],
            [
              23.6340534,
              46.7670487
            ],
            [
              23.6342345,
              46.7666429
            ],
            [
              23.6343199,
              46.7660198
            ],
            [
              23.6345293,
              46.7648634
            ],
            [
              23.6343750,
              46.7647022
            ],
            [
              23.6339254,
              46.7642065
            ],
            [
              23.6336053,
              46.7638912
            ],
            [
              23.6332909,
              46.7635376
            ],
            [
              23.6256540,
              46.7623833
            ],
            [
              23.6251999,
              46.7620997
            ],
            [
              23.6253897,
              46.7603220
            ],
            [
              23.6243812,
              46.7600764
            ],
            [
              23.6248383,
              46.7578198
            ],
            [
              23.6313096,
              46.7557447
            ],
            [
              23.6468546,
              46.7570277
            ],
            [
              23.6516710,
              46.7529430
            ],
            [
              23.6567281,
              46.7493160
            ],
            [
              23.6781240,
              46.7489100
            ],
            [
              23.6805247,
              46.7519918
            ],
            [
              23.6788371,
              46.7545530
            ],
            [
              23.6783145,
              46.7563434
            ],
            [
              23.6793445,
              46.7601360
            ],
            [
              23.6751940,
              46.7608940
            ],
            [
              23.6688946,
              46.7650602
            ],
            [
              23.6623071,
              46.7679263
            ],
            [
              23.6546853,
              46.7743316
            ],
            [
              23.6523464,
              46.7768887
            ],
            [
              23.6462912,
              46.7766219
            ],
            [
              23.6453821,
              46.7774623
            ],
            [
              23.6447004,
              46.7773190
            ],
            [
              23.6392632,
              46.7755598
            ],
            [
              23.6389014,
              46.7753417
            ],
            [
              23.6351685,
              46.7742120
            ],
            [
              23.6390251,
              46.7711620
            ]
          ]
        ]
      }
    },
    {
      "type": "Feature",
      "properties": {
        "name": "Gheorgheni",
        "osm_type": "way",
        "osm_id": 669549460
      },
      "geometry": {
        "type": "Polygon",
        "coordinates": [
          [
            [
              23.6248383,
              46.7578198
            ],
            [
              23.6191685,
              46.7571702
            ],
            [
              23.6188735,
              46.7556058
            ],
            [
              23.6188257,
              46.7555771
            ],
            [
              23.6186743,
              46.7555252
            ],
            [
              23.6183336,
              46.7555053
            ],
            [
              23.6178265,
              46.7554783
            ],
            [
              23.6168754,
              46.7553600
            ],
            [
              23.6151828,
              46.7562674
            ],
            [
              23.6141148,
              46.7569309
            ],
            [
              23.6126079,
              46.7578256
            ],
            [
              23.6151327,
              46.7597290
            ],
            [
              23.6136356,
              46.7605779
            ],
            [
              23.6010422,
              46.7677180
            ],
            [
              23.6028995,
              46.7681900
            ],
            [
              23.6016488,
              46.7694750
            ],
            [
              23.6048135,
              46.7707600
            ],
            [
              23.6035934,
              46.7722961
            ],
            [
              23.6062217,
              46.7730699
            ],
            [
              23.6066662,
              46.7725723
            ],
            [
              23.6068212,
              46.7723988
            ],
            [
              23.6075474,
              46.7719093
            ],
            [
              23.6091468,
              46.7716320
            ],
            [
              23.6092984,
              46.7721771
            ],
            [
              23.6097342,
              46.7725924
            ],
            [
              23.6103217,
              46.7727092
            ],
            [
              23.6104354,
              46.7730467
            ],
            [
              23.6120646,
              46.7741182
            ],
            [
              23.6131939,
              46.7748610
            ],
            [
              23.6140928,
              46.7756813
            ],
            [
              23.6151022,
              46.7758224
            ],
            [
              23.6168785,
              46.7760706
            ],
            [
              23.6169777,
              46.7761860
            ],
            [
              23.6174633,
              46.7767736
            ],
            [
              23.6176365,
              46.7772646
            ],
            [
              23.6201429,
              46.7777249
            ],
            [
              23.6218750,
              46.7737532
            ],
            [
              23.6224758,
              46.7730331
            ],
            [
              23.6238655,
              46.7734925
            ],
            [
              23.6245208,
              46.7734126
            ],
            [
              23.6249524,
              46.7732515
            ],
            [
              23.6254880,
              46.7730461
            ],
            [
              23.6258806,
              46.7729671
            ],
            [
              23.6263280,
              46.7729329
            ],
            [
              23.6265486,
              46.7729657
            ],
            [
              23.6269066,
              46.7730237
            ],
            [
              23.6275497,
              46.7734589
            ],
            [
              23.6280802,
              46.7737931
            ],
            [
              23.6282813,
              46.7738626
            ],
            [
              23.6284582,
              46.7739238
            ],
            [
              23.6293270,
              46.7739860
            ],
            [
              23.6301132,
              46.7739773
            ],
            [
              23.6311896,
              46.7741497
            ],
            [
              23.6332955,
              46.7738521
            ],
            [
              23.6339273,
              46.7740151
            ],
            [
              23.6345247,
              46.7741104
            ],
            [
              23.6351685,
              46.7742120
            ],
            [
              23.6361004,
              46.7734882
            ],
            [
              23.6390251,
              46.7711620
            ],
            [
              23.6368380,
              46.7693861
            ],
            [
              23.6340624,
              46.7686245
            ],
            [
              23.6337529,
              46.7683073
            ],
            [
              23.6338173,
              46.7674207
            ],
            [
              23.6339405,
              46.7672600
            ],
            [
              23.6340534,
              46.7670487
            ],
            [
              23.6342345,
              46.7666429
            ],
            [
              23.6343199,
              46.7660198
            ],
            [
              23.6345293,
              46.7648634
            ],
            [
              23.6343750,
              46.7647022
            ],
            [
              23.6339254,
              46.7642065
            ],
            [
              23.6336053,
              46.7638912
            ],
            [
              23.6332909,
              46.7635376
            ],
            [
              23.6256540,
              46.7623833
            ],
            [
              23.6251999,
              46.7620997
            ],
            [
              23.6253897,
              46.7603220
            ],
            [
              23.6243812,
              46.7600764
            ],
            [
              23.6248383,
              46.7578198
            ]
          ]
        ]
      }
    },
    {
      "type": "Feature",
      "properties": {
        "name": "Andrei Mureșanu",
        "osm_type": "way",
        "osm_id": 669551191
      },
      "geometry": {
        "type": "Polygon",
        "coordinates": [
          [
            [
              23.6141148,
              46.7569309
            ],
            [
              23.6130258,
              46.7559604
            ],
            [
              23.6125238,
              46.7562241
            ],
            [
              23.6108468,
              46.7549111
            ],
            [
              23.6100397,
              46.7555789
            ],
            [
              23.6068048,
              46.7546809
            ],
            [
              23.6068183,
              46.7546147
            ],
            [
              23.6053671,
              46.7542677
            ],
            [
              23.6046093,
              46.7540846
            ],
            [
              23.6041226,
              46.7540096
            ],
            [
              23.6040828,
              46.7541476
            ],
            [
              23.6038917,
              46.7541209
            ],
            [
              23.6039192,
              46.7539969
            ],
            [
              23.6024775,
              46.7537628
            ],
            [
              23.6024558,
              46.7538351
            ],
            [
              23.6024480,
              46.7538799
            ],
            [
              23.6024505,
              46.7539663
            ],
            [
              23.6024902,
              46.7541443
            ],
            [
              23.6026504,
              46.7544152
            ],
            [
              23.6026926,
              46.7544929
            ],
            [
              23.6022555,
              46.7546244
            ],
            [
              23.6020167,
              46.7548492
            ],
            [
              23.6008804,
              46.7549508
            ],
            [
              23.5999131,
              46.7551129
            ],
            [
              23.5998084,
              46.7552174
            ],
            [
              23.5992066,
              46.7553149
            ],
            [
              23.5989555,
              46.7553705
            ],
            [
              23.5990676,
              46.7556088
            ],
            [
              23.5992945,
              46.7557536
            ],
            [
              23.5993554,
              46.7558181
            ],
            [
              23.5987591,
              46.7559104
            ],
            [
              23.5986110,
              46.7558888
            ],
            [
              23.5982945,
              46.7557696
            ],
            [
              23.5981326,
              46.7555987
            ],
            [
              23.5979998,
              46.7555941
            ],
            [
              23.5974122,
              46.7556101
            ],
            [
              23.5972796,
              46.7556357
            ],
            [
              23.5971393,
              46.7556822
            ],
            [
              23.5968473,
              46.7557800
            ],
            [
              23.5964657,
              46.7559488
            ],
            [
              23.5969628,
              46.7562458
            ],
            [
              23.5976676,
              46.7566864
            ],
            [
              23.5972727,
              46.7570648
            ],
            [
              23.5967824,
              46.7575419
            ],
            [
              23.5960187,
              46.7582666
            ],
            [
              23.5958295,
              46.7582348
            ],
            [
              23.5957593,
              46.7583427
            ],
            [
              23.5952046,
              46.7581392
            ],
            [
              23.5945306,
              46.7586161
            ],
            [
              23.5937083,
              46.7589345
            ],
            [
              23.5931613,
              46.7595848
            ],
            [
              23.5928923,
              46.7600557
            ],
            [
              23.5928734,
              46.7602329
            ],
            [
              23.5926611,
              46.7614501
            ],
            [
              23.5927330,
              46.7615638
            ],
            [
              23.5925529,
              46.7623048
            ],
            [
              23.5925385,
              46.7623639
            ],
            [
              23.5917160,
              46.7622588
            ],
            [
              23.5912648,
              46.7631909
            ],
            [
              23.5910912,
              46.7638458
            ],
            [
              23.5913606,
              46.7639362
            ],
            [
              23.5912461,
              46.7643024
            ],
            [
              23.5909543,
              46.7649845
            ],
            [
              23.5911578,
              46.7650354
            ],
            [
              23.5909485,
              46.7656604
            ],
            [
              23.5913300,
              46.7656996
            ],
            [
              23.5914299,
              46.7657104
            ],
            [
              23.5914720,
              46.7657149
            ],
            [
              23.5913936,
              46.7659283
            ],
            [
              23.5914626,
              46.7659422
            ],
            [
              23.5915018,
              46.7658929
            ],
            [
              23.5956997,
              46.7668140
            ],
            [
              23.5957238,
              46.7668251
            ],
            [
              23.5960060,
              46.7663308
            ],
            [
              23.5969011,
              46.7665205
            ],
            [
              23.5973536,
              46.7666164
            ],
            [
              23.5981673,
              46.7667888
            ],
            [
              23.5982134,
              46.7667986
            ],
            [
              23.5984278,
              46.7671249
            ],
            [
              23.5988506,
              46.7673064
            ],
            [
              23.6010422,
              46.7677180
            ],
            [
              23.6136356,
              46.7605779
            ],
            [
              23.6151327,
              46.7597290
            ],
            [
              23.6126079,
              46.7578256
            ],
            [
              23.6141148,
              46.7569309
            ]
          ]
        ]
      }
    },
    {
      "type": "Feature",
      "properties": {
        "name": "Centru",
        "osm_type": "way",
        "osm_id": 669553748
      },
      "geometry": {
        "type": "Polygon",
        "coordinates": [
          [
            [
              23.5928734,
              46.7602329
            ],
            [
              23.5920548,
              46.7599225
            ],
            [
              23.5912271,
              46.7605199
            ],
            [
              23.5895668,
              46.7598551
            ],
            [
              23.5896686,
              46.7596226
            ],
            [
              23.5891406,
              46.7593049
            ],
            [
              23.5886950,
              46.7587728
            ],
            [
              23.5882293,
              46.7588743
            ],
            [
              23.5869391,
              46.7588485
            ],
            [
              23.5869450,
              46.7581876
            ],
            [
              23.5856318,
              46.7581465
            ],
            [
              23.5856661,
              46.7587345
            ],
            [
              23.5841040,
              46.7589344
            ],
            [
              23.5847649,
              46.7600810
            ],
            [
              23.5854773,
              46.7609512
            ],
            [
              23.5853932,
              46.7610602
            ],
            [
              23.5851525,
              46.7612186
            ],
            [
              23.5848367,
              46.7613836
            ],
            [
              23.5843544,
              46.7616337
            ],
            [
              23.5842214,
              46.7621703
            ],
            [
              23.5843544,
              46.7630613
            ],
            [
              23.5844874,
              46.7633650
            ],
            [
              23.5837538,
              46.7635509
            ],
            [
              23.5832345,
              46.7635171
            ],
            [
              23.5815462,
              46.7634359
            ],
            [
              23.5813167,
              46.7633929
            ],
            [
              23.5792700,
              46.7627677
            ],
            [
              23.5784911,
              46.7628179
            ],
            [
              23.5779433,
              46.7628892
            ],
            [
              23.5777290,
              46.7628659
            ],
            [
              23.5775009,
              46.7628194
            ],
            [
              23.5766687,
              46.7626462
            ],
            [
              23.5748951,
              46.7621602
            ],
            [
              23.5737422,
              46.7615729
            ],
            [
              23.5733136,
              46.7621602
            ],
            [
              23.5730180,
              46.7626563
            ],
            [
              23.5728822,
              46.7631045
            ],
            [
              23.5728554,
              46.7631929
            ],
            [
              23.5739935,
              46.7641547
            ],
            [
              23.5747153,
              46.7645087
            ],
            [
              23.5752942,
              46.7647926
            ],
            [
              23.5763879,
              46.7651165
            ],
            [
              23.5754567,
              46.7669996
            ],
            [
              23.5752096,
              46.7676991
            ],
            [
              23.5744797,
              46.7695259
            ],
            [
              23.5743850,
              46.7701324
            ],
            [
              23.5812750,
              46.7719458
            ],
            [
              23.5819166,
              46.7721570
            ],
            [
              23.5824687,
              46.7724173
            ],
            [
              23.5830389,
              46.7726788
            ],
            [
              23.5866601,
              46.7737113
            ],
            [
              23.5876208,
              46.7743491
            ],
            [
              23.5873400,
              46.7749159
            ],
            [
              23.5870856,
              46.7774137
            ],
            [
              23.5874582,
              46.7827501
            ],
            [
              23.5864679,
              46.7829120
            ],
            [
              23.5856994,
              46.7837521
            ],
            [
              23.5855224,
              46.7840871
            ],
            [
              23.5854239,
              46.7842735
            ],
            [
              23.5852276,
              46.7846450
            ],
            [
              23.5851968,
              46.7847034
            ],
            [
              23.5870770,
              46.7848769
            ],
            [
              23.5970346,
              46.7859894
            ],
            [
              23.5968708,
              46.7854113
            ],
            [
              23.5963853,
              46.7848756
            ],
            [
              23.5954053,
              46.7845001
            ],
            [
              23.5941016,
              46.7837983
            ],
            [
              23.5933014,
              46.7828440
            ],
            [
              23.5931576,
              46.7821791
            ],
            [
              23.5934992,
              46.7800241
            ],
            [
              23.5929688,
              46.7779246
            ],
            [
              23.5938914,
              46.7780259
            ],
            [
              23.5948661,
              46.7782420
            ],
            [
              23.5968086,
              46.7784293
            ],
            [
              23.5983864,
              46.7783429
            ],
            [
              23.5980568,
              46.7777426
            ],
            [
              23.5978254,
              46.7775745
            ],
            [
              23.5978394,
              46.7766957
            ],
            [
              23.5980568,
              46.7761194
            ],
            [
              23.5985992,
              46.7753038
            ],
            [
              23.5999361,
              46.7733771
            ],
            [
              23.6014438,
              46.7718498
            ],
            [
              23.6035934,
              46.7722961
            ],
            [
              23.6048135,
              46.7707600
            ],
            [
              23.6017672,
              46.7694348
            ],
            [
              23.6028995,
              46.7681900
            ],
            [
              23.6010422,
              46.7677180
            ],
            [
              23.5988506,
              46.7673064
            ],
            [
              23.5984278,
              46.7671249
            ],
            [
              23.5982134,
              46.7667986
            ],
            [
              23.5981673,
              46.7667888
            ],
            [
              23.5973536,
              46.7666164
            ],
            [
              23.5969011,
              46.7665205
            ],
            [
              23.5960060,
              46.7663308
            ],
            [
              23.5957238,
              46.7668251
            ],
            [
              23.5915018,
              46.7658929
            ],
            [
              23.5914626,
              46.7659422
            ],
            [
              23.5913936,
              46.7659283
            ],
            [
              23.5914720,
              46.7657149
            ],
            [
              23.5914299,
              46.7657104
            ],
            [
              23.5913300,
              46.7656996
            ],
            [
              23.5909485,
              46.7656604
            ],
            [
              23.5911578,
              46.7650354
            ],
            [
              23.5909543,
              46.7649845
            ],
            [
              23.5912461,
              46.7643024
            ],
            [
              23.5913606,
              46.7639362
            ],
            [
              23.5910912,
              46.7638458
            ],
            [
              23.5912648,
              46.7631909
            ],
            [
              23.5917160,
              46.7622588
            ],
            [
              23.5925529,
              46.7623048
            ],
            [
              23.5927330,
              46.7615638
            ],
            [
              23.5926611,
              46.7614501
            ],
            [
              23.5928734,
              46.7602329
            ]
          ]
        ]
      }
    },
    {
      "type": "Feature",
      "properties": {
        "name": "Gruia",
        "osm_type": "way",
        "osm_id": 669555440
      },
      "geometry": {
        "type": "Polygon",
        "coordinates": [
          [
            [
              23.5816192,
              46.7723541
            ],
            [
              23.5805338,
              46.7724297
            ],
            [
              23.5803532,
              46.7724423
            ],
            [
              23.5789135,
              46.7721903
            ],
            [
              23.5784979,
              46.7721175
            ],
            [
              23.5774993,
              46.7719426
            ],
            [
              23.5746341,
              46.7727390
            ],
            [
              23.5744140,
              46.7727864
            ],
            [
              23.5741699,
              46.7728220
            ],
            [
              23.5681652,
              46.7731036
            ],
            [
              23.5659765,
              46.7732653
            ],
            [
              23.5652481,
              46.7732915
            ],
            [
              23.5644959,
              46.7732506
            ],
            [
              23.5615134,
              46.7730393
            ],
            [
              23.5617037,
              46.7741618
            ],
            [
              23.5614739,
              46.7760665
            ],
            [
              23.5613605,
              46.7770069
            ],
            [
              23.5612813,
              46.7775214
            ],
            [
              23.5620033,
              46.7790568
            ],
            [
              23.5618683,
              46.7808424
            ],
            [
              23.5654450,
              46.7810941
            ],
            [
              23.5706039,
              46.7818622
            ],
            [
              23.5753750,
              46.7825671
            ],
            [
              23.5833358,
              46.7841834
            ],
            [
              23.5851968,
              46.7847034
            ],
            [
              23.5852276,
              46.7846450
            ],
            [
              23.5854239,
              46.7842735
            ],
            [
              23.5855224,
              46.7840871
            ],
            [
              23.5856994,
              46.7837521
            ],
            [
              23.5864679,
              46.7829120
            ],
            [
              23.5874582,
              46.7827501
            ],
            [
              23.5870856,
              46.7774137
            ],
            [
              23.5873400,
              46.7749159
            ],
            [
              23.5876208,
              46.7743491
            ],
            [
              23.5866601,
              46.7737113
            ],
            [
              23.5830389,
              46.7726788
            ],
            [
              23.5824687,
              46.7724173
            ],
            [
              23.5819166,
              46.7721570
            ],
            [
              23.5816192,
              46.7723541
            ]
          ]
        ]
      }
    },
    {
      "type": "Feature",
      "properties": {
        "name": "Grigorescu",
        "osm_type": "way",
        "osm_id": 669572408
      },
      "geometry": {
        "type": "Polygon",
        "coordinates": [
          [
            [
              23.5743850,
              46.7701324
            ],
            [
              23.5718559,
              46.7698410
            ],
            [
              23.5700106,
              46.7683272
            ],
            [
              23.5678648,
              46.7676070
            ],
            [
              23.5634231,
              46.7672101
            ],
            [
              23.5582518,
              46.7679450
            ],
            [
              23.5567497,
              46.7675776
            ],
            [
              23.5552155,
              46.7657234
            ],
            [
              23.5520290,
              46.7653141
            ],
            [
              23.5499355,
              46.7646586
            ],
            [
              23.5474371,
              46.7638443
            ],
            [
              23.5470384,
              46.7639619
            ],
            [
              23.5444974,
              46.7647115
            ],
            [
              23.5421585,
              46.7643881
            ],
            [
              23.5395621,
              46.7627565
            ],
            [
              23.5380386,
              46.7626390
            ],
            [
              23.5350775,
              46.7630211
            ],
            [
              23.5307001,
              46.7618893
            ],
            [
              23.5297345,
              46.7647188
            ],
            [
              23.5297502,
              46.7647951
            ],
            [
              23.5300564,
              46.7662842
            ],
            [
              23.5393242,
              46.7690509
            ],
            [
              23.5405850,
              46.7697470
            ],
            [
              23.5421855,
              46.7702366
            ],
            [
              23.5425950,
              46.7743460
            ],
            [
              23.5435600,
              46.7758330
            ],
            [
              23.5456840,
              46.7778360
            ],
            [
              23.5474765,
              46.7782071
            ],
            [
              23.5493450,
              46.7781980
            ],
            [
              23.5513474,
              46.7778294
            ],
            [
              23.5535374,
              46.7773689
            ],
            [
              23.5572928,
              46.7770969
            ],
            [
              23.5604672,
              46.7771193
            ],
            [
              23.5613605,
              46.7770069
            ],
            [
              23.5614739,
              46.7760665
            ],
            [
              23.5617037,
              46.7741618
            ],
            [
              23.5615134,
              46.7730393
            ],
            [
              23.5644959,
              46.7732506
            ],
            [
              23.5652481,
              46.7732915
            ],
            [
              23.5659765,
              46.7732653
            ],
            [
              23.5681652,
              46.7731036
            ],
            [
              23.5741699,
              46.7728220
            ],
            [
              23.5744140,
              46.7727864
            ],
            [
              23.5746341,
              46.7727390
            ],
            [
              23.5774993,
              46.7719426
            ],
            [
              23.5784979,
              46.7721175
            ],
            [
              23.5789135,
              46.7721903
            ],
            [
              23.5803532,
              46.7724423
            ],
            [
              23.5805338,
              46.7724297
            ],
            [
              23.5816192,
              46.7723541
            ],
            [
              23.5819166,
              46.7721570
            ],
            [
              23.5812750,
              46.7719458
            ],
            [
              23.5743850,
              46.7701324
            ]
          ]
        ]
      }
    },
    {
      "type": "Feature",
      "properties": {
        "name": "Dâmbul Rotund",
        "osm_type": "way",
        "osm_id": 669573736
      },
      "geometry": {
        "type": "Polygon",
        "coordinates": [
          [
            [
              23.5618683,
              46.7808424
            ],
            [
              23.5446177,
              46.7806017
            ],
            [
              23.5428367,
              46.7806164
            ],
            [
              23.5397253,
              46.7810131
            ],
            [
              23.5373006,
              46.7816156
            ],
            [
              23.5380301,
              46.7835698
            ],
            [
              23.5388723,
              46.7842310
            ],
            [
              23.5409678,
              46.7837812
            ],
            [
              23.5413410,
              46.7837011
            ],
            [
              23.5415322,
              46.7836909
            ],
            [
              23.5420510,
              46.7837307
            ],
            [
              23.5427242,
              46.7838430
            ],
            [
              23.5433258,
              46.7842682
            ],
            [
              23.5440659,
              46.7846855
            ],
            [
              23.5450208,
              46.7850307
            ],
            [
              23.5467267,
              46.7852732
            ],
            [
              23.5489905,
              46.7855083
            ],
            [
              23.5491219,
              46.7857185
            ],
            [
              23.5482716,
              46.7874477
            ],
            [
              23.5468769,
              46.7885422
            ],
            [
              23.5449806,
              46.7892977
            ],
            [
              23.5473720,
              46.7912690
            ],
            [
              23.5494360,
              46.7905400
            ],
            [
              23.5506420,
              46.7888710
            ],
            [
              23.5682855,
              46.7953966
            ],
            [
              23.5677259,
              46.7990663
            ],
            [
              23.5697650,
              46.7996259
            ],
            [
              23.5740132,
              46.7961529
            ],
            [
              23.5776435,
              46.7970133
            ],
            [
              23.5768945,
              46.7983204
            ],
            [
              23.5777879,
              46.7988323
            ],
            [
              23.5809679,
              46.7982297
            ],
            [
              23.5834107,
              46.7975607
            ],
            [
              23.5864241,
              46.7987502
            ],
            [
              23.5883636,
              46.7978753
            ],
            [
              23.5937986,
              46.7980407
            ],
            [
              23.5937045,
              46.7954451
            ],
            [
              23.5935786,
              46.7946321
            ],
            [
              23.5922697,
              46.7935156
            ],
            [
              23.5917333,
              46.7922081
            ],
            [
              23.5903253,
              46.7908914
            ],
            [
              23.5900357,
              46.7906044
            ],
            [
              23.5898497,
              46.7903508
            ],
            [
              23.5892643,
              46.7893304
            ],
            [
              23.5889473,
              46.7888869
            ],
            [
              23.5886120,
              46.7885478
            ],
            [
              23.5880191,
              46.7883783
            ],
            [
              23.5881928,
              46.7863021
            ],
            [
              23.5870770,
              46.7848769
            ],
            [
              23.5851968,
              46.7847034
            ],
            [
              23.5833358,
              46.7841834
            ],
            [
              23.5753750,
              46.7825671
            ],
            [
              23.5706039,
              46.7818622
            ],
            [
              23.5654450,
              46.7810941
            ],
            [
              23.5618683,
              46.7808424
            ]
          ]
        ]
      }
    },
    {
      "type": "Feature",
      "properties": {
        "name": "Plopilor",
        "osm_type": "way",
        "osm_id": 669575587
      },
      "geometry": {
        "type": "Polygon",
        "coordinates": [
          [
            [
              23.5728554,
              46.7631929
            ],
            [
              23.5693798,
              46.7621016
            ],
            [
              23.5683092,
              46.7618784
            ],
            [
              23.5664187,
              46.7614842
            ],
            [
              23.5637746,
              46.7607726
            ],
            [
              23.5634146,
              46.7606757
            ],
            [
              23.5613117,
              46.7604405
            ],
            [
              23.5583077,
              46.7602935
            ],
            [
              23.5566554,
              46.7610285
            ],
            [
              23.5561404,
              46.7617341
            ],
            [
              23.5563765,
              46.7621751
            ],
            [
              23.5554753,
              46.7626601
            ],
            [
              23.5523424,
              46.7638801
            ],
            [
              23.5499355,
              46.7646586
            ],
            [
              23.5520290,
              46.7653141
            ],
            [
              23.5552155,
              46.7657234
            ],
            [
              23.5567497,
              46.7675776
            ],
            [
              23.5582518,
              46.7679450
            ],
            [
              23.5634231,
              46.7672101
            ],
            [
              23.5678648,
              46.7676070
            ],
            [
              23.5700106,
              46.7683272
            ],
            [
              23.5718559,
              46.7698410
            ],
            [
              23.5743850,
              46.7701324
            ],
            [
              23.5753291,
              46.7673727
            ],
            [
              23.5754567,
              46.7669996
            ],
            [
              23.5763879,
              46.7651165
            ],
            [
              23.5752942,
              46.7647926
            ],
            [
              23.5747153,
              46.7645087
            ],
            [
              23.5739935,
              46.7641547
            ],
            [
              23.5728554,
              46.7631929
            ]
          ]
        ]
      }
    },
    {
      "type": "Feature",
      "properties": {
        "name": "Mănăștur",
        "osm_type": "way",
        "osm_id": 669576874
      },
      "geometry": {
        "type": "Polygon",
        "coordinates": [
          [
            [
              23.5470384,
              46.7639619
            ],
            [
              23.5467878,
              46.7636988
            ],
            [
              23.5455090,
              46.7623559
            ],
            [
              23.5442100,
              46.7609991
            ],
            [
              23.5432059,
              46.7588170
            ],
            [
              23.5430083,
              46.7587060
            ],
            [
              23.5423227,
              46.7576987
            ],
            [
              23.5423432,
              46.7570301
            ],
            [
              23.5424731,
              46.7555329
            ],
            [
              23.5410538,
              46.7546435
            ],
            [
              23.5400172,
              46.7537183
            ],
            [
              23.5388456,
              46.7517083
            ],
            [
              23.5388719,
              46.7511702
            ],
            [
              23.5388909,
              46.7509152
            ],
            [
              23.5388594,
              46.7495034
            ],
            [
              23.5397252,
              46.7482278
            ],
            [
              23.5408593,
              46.7483265
            ],
            [
              23.5410848,
              46.7482219
            ],
            [
              23.5428597,
              46.7486340
            ],
            [
              23.5427125,
              46.7490620
            ],
            [
              23.5425032,
              46.7495347
            ],
            [
              23.5430603,
              46.7498427
            ],
            [
              23.5442874,
              46.7503842
            ],
            [
              23.5448176,
              46.7502508
            ],
            [
              23.5456753,
              46.7502633
            ],
            [
              23.5461064,
              46.7504720
            ],
            [
              23.5464485,
              46.7502655
            ],
            [
              23.5469913,
              46.7501924
            ],
            [
              23.5476557,
              46.7504573
            ],
            [
              23.5482564,
              46.7499378
            ],
            [
              23.5491260,
              46.7496300
            ],
            [
              23.5493485,
              46.7493077
            ],
            [
              23.5496219,
              46.7489118
            ],
            [
              23.5505368,
              46.7489375
            ],
            [
              23.5526074,
              46.7489985
            ],
            [
              23.5531425,
              46.7490228
            ],
            [
              23.5552452,
              46.7480078
            ],
            [
              23.5555936,
              46.7471856
            ],
            [
              23.5558741,
              46.7467023
            ],
            [
              23.5563907,
              46.7460456
            ],
            [
              23.5552776,
              46.7460365
            ],
            [
              23.5551328,
              46.7454649
            ],
            [
              23.5565650,
              46.7454262
            ],
            [
              23.5572170,
              46.7448717
            ],
            [
              23.5576698,
              46.7437791
            ],
            [
              23.5577805,
              46.7435120
            ],
            [
              23.5589995,
              46.7432824
            ],
            [
              23.5593679,
              46.7441176
            ],
            [
              23.5595128,
              46.7447002
            ],
            [
              23.5607142,
              46.7447485
            ],
            [
              23.5613885,
              46.7446632
            ],
            [
              23.5621548,
              46.7453858
            ],
            [
              23.5623103,
              46.7466504
            ],
            [
              23.5627852,
              46.7468783
            ],
            [
              23.5639978,
              46.7468499
            ],
            [
              23.5658851,
              46.7464937
            ],
            [
              23.5657114,
              46.7460144
            ],
            [
              23.5657343,
              46.7453052
            ],
            [
              23.5656979,
              46.7448001
            ],
            [
              23.5652999,
              46.7444983
            ],
            [
              23.5641944,
              46.7436600
            ],
            [
              23.5642601,
              46.7428264
            ],
            [
              23.5642662,
              46.7427509
            ],
            [
              23.5642763,
              46.7426328
            ],
            [
              23.5643711,
              46.7414181
            ],
            [
              23.5661556,
              46.7422334
            ],
            [
              23.5678702,
              46.7417037
            ],
            [
              23.5679039,
              46.7415051
            ],
            [
              23.5688142,
              46.7407697
            ],
            [
              23.5702654,
              46.7395973
            ],
            [
              23.5708889,
              46.7360490
            ],
            [
              23.5711560,
              46.7345290
            ],
            [
              23.5732422,
              46.7324453
            ],
            [
              23.5770485,
              46.7353435
            ],
            [
              23.5834799,
              46.7375741
            ],
            [
              23.5817609,
              46.7418865
            ],
            [
              23.5782741,
              46.7469428
            ],
            [
              23.5769328,
              46.7494173
            ],
            [
              23.5752749,
              46.7518806
            ],
            [
              23.5725532,
              46.7544952
            ],
            [
              23.5720103,
              46.7547331
            ],
            [
              23.5719588,
              46.7549541
            ],
            [
              23.5721384,
              46.7560297
            ],
            [
              23.5722604,
              46.7565378
            ],
            [
              23.5712299,
              46.7573394
            ],
            [
              23.5725012,
              46.7583868
            ],
            [
              23.5735473,
              46.7587910
            ],
            [
              23.5757098,
              46.7590588
            ],
            [
              23.5751519,
              46.7599848
            ],
            [
              23.5746803,
              46.7604785
            ],
            [
              23.5738072,
              46.7611321
            ],
            [
              23.5737422,
              46.7615729
            ],
            [
              23.5733136,
              46.7621602
            ],
            [
              23.5730180,
              46.7626563
            ],
            [
              23.5728822,
              46.7631045
            ],
            [
              23.5728554,
              46.7631929
            ],
            [
              23.5693798,
              46.7621016
            ],
            [
              23.5683092,
              46.7618784
            ],
            [
              23.5664187,
              46.7614842
            ],
            [
              23.5634146,
              46.7606757
            ],
            [
              23.5583077,
              46.7602935
            ],
            [
              23.5566554,
              46.7610285
            ],
            [
              23.5561404,
              46.7617341
            ],
            [
              23.5563765,
              46.7621751
            ],
            [
              23.5554753,
              46.7626601
            ],
            [
              23.5523424,
              46.7638801
            ],
            [
              23.5499355,
              46.7646586
            ],
            [
              23.5474371,
              46.7638443
            ],
            [
              23.5470384,
              46.7639619
            ]
          ]
        ]
      }
    },
    {
      "type": "Feature",
      "properties": {
        "name": "Zorilor",
        "osm_type": "way",
        "osm_id": 669578238
      },
      "geometry": {
        "type": "Polygon",
        "coordinates": [
          [
            [
              23.5769328,
              46.7494173
            ],
            [
              23.5778555,
              46.7496409
            ],
            [
              23.5773568,
              46.7503380
            ],
            [
              23.5788964,
              46.7507390
            ],
            [
              23.5796391,
              46.7507454
            ],
            [
              23.5801795,
              46.7506572
            ],
            [
              23.5802287,
              46.7505274
            ],
            [
              23.5829002,
              46.7511430
            ],
            [
              23.5830633,
              46.7507835
            ],
            [
              23.5832631,
              46.7504756
            ],
            [
              23.5833421,
              46.7504610
            ],
            [
              23.5835397,
              46.7502515
            ],
            [
              23.5837830,
              46.7497425
            ],
            [
              23.5840823,
              46.7492625
            ],
            [
              23.5842289,
              46.7489840
            ],
            [
              23.5843515,
              46.7487597
            ],
            [
              23.5844915,
              46.7484394
            ],
            [
              23.5850993,
              46.7484819
            ],
            [
              23.5852109,
              46.7484249
            ],
            [
              23.5861858,
              46.7484183
            ],
            [
              23.5863275,
              46.7483951
            ],
            [
              23.5877091,
              46.7484239
            ],
            [
              23.5884553,
              46.7484311
            ],
            [
              23.5886308,
              46.7484898
            ],
            [
              23.5889333,
              46.7485385
            ],
            [
              23.5933183,
              46.7482964
            ],
            [
              23.5940682,
              46.7498336
            ],
            [
              23.5943217,
              46.7503533
            ],
            [
              23.5949651,
              46.7516475
            ],
            [
              23.5950947,
              46.7519083
            ],
            [
              23.5953741,
              46.7524560
            ],
            [
              23.5956443,
              46.7530036
            ],
            [
              23.5957478,
              46.7532358
            ],
            [
              23.5958309,
              46.7534747
            ],
            [
              23.5960237,
              46.7542807
            ],
            [
              23.5960798,
              46.7545308
            ],
            [
              23.5961574,
              46.7548693
            ],
            [
              23.5961987,
              46.7550586
            ],
            [
              23.5962256,
              46.7551819
            ],
            [
              23.5962348,
              46.7552359
            ],
            [
              23.5962399,
              46.7553308
            ],
            [
              23.5962396,
              46.7554948
            ],
            [
              23.5962326,
              46.7555901
            ],
            [
              23.5962134,
              46.7558492
            ],
            [
              23.5964657,
              46.7559488
            ],
            [
              23.5969628,
              46.7562458
            ],
            [
              23.5976676,
              46.7566864
            ],
            [
              23.5972727,
              46.7570648
            ],
            [
              23.5967824,
              46.7575419
            ],
            [
              23.5960187,
              46.7582666
            ],
            [
              23.5958295,
              46.7582348
            ],
            [
              23.5957593,
              46.7583427
            ],
            [
              23.5952046,
              46.7581392
            ],
            [
              23.5945306,
              46.7586161
            ],
            [
              23.5937083,
              46.7589345
            ],
            [
              23.5928923,
              46.7600557
            ],
            [
              23.5928734,
              46.7602329
            ],
            [
              23.5920548,
              46.7599225
            ],
            [
              23.5912271,
              46.7605199
            ],
            [
              23.5895668,
              46.7598551
            ],
            [
              23.5896686,
              46.7596226
            ],
            [
              23.5893352,
              46.7594276
            ],
            [
              23.5891406,
              46.7593049
            ],
            [
              23.5887943,
              46.7589896
            ],
            [
              23.5886950,
              46.7587728
            ],
            [
              23.5882293,
              46.7588743
            ],
            [
              23.5869391,
              46.7588485
            ],
            [
              23.5869450,
              46.7581876
            ],
            [
              23.5856318,
              46.7581465
            ],
            [
              23.5856661,
              46.7587345
            ],
            [
              23.5841040,
              46.7589344
            ],
            [
              23.5847649,
              46.7600810
            ],
            [
              23.5854773,
              46.7609512
            ],
            [
              23.5853932,
              46.7610602
            ],
            [
              23.5851525,
              46.7612186
            ],
            [
              23.5848367,
              46.7613836
            ],
            [
              23.5843544,
              46.7616337
            ],
            [
              23.5842214,
              46.7621703
            ],
            [
              23.5843544,
              46.7630613
            ],
            [
              23.5844874,
              46.7633650
            ],
            [
              23.5837538,
              46.7635509
            ],
            [
              23.5832345,
              46.7635171
            ],
            [
              23.5815462,
              46.7634359
            ],
            [
              23.5813167,
              46.7633929
            ],
            [
              23.5792700,
              46.7627677
            ],
            [
              23.5784911,
              46.7628179
            ],
            [
              23.5779433,
              46.7628892
            ],
            [
              23.5777290,
              46.7628659
            ],
            [
              23.5775009,
              46.7628194
            ],
            [
              23.5766687,
              46.7626462
            ],
            [
              23.5748951,
              46.7621602
            ],
            [
              23.5737422,
              46.7615729
            ],
            [
              23.5738072,
              46.7611321
            ],
            [
              23.5746803,
              46.7604785
            ],
            [
              23.5751519,
              46.7599848
            ],
            [
              23.5757098,
              46.7590588
            ],
            [
              23.5735473,
              46.7587910
            ],
            [
              23.5728231,
              46.7585044
            ],
            [
              23.5718092,
              46.7579163
            ],
            [
              23.5712299,
              46.7573394
            ],
            [
              23.5722604,
              46.7565378
            ],
            [
              23.5719588,
              46.7549541
            ],
            [
              23.5720103,
              46.7547331
            ],
            [
              23.5721386,
              46.7546375
            ],
            [
              23.5725532,
              46.7544952
            ],
            [
              23.5752749,
              46.7518806
            ],
            [
              23.5769328,
              46.7494173
            ]
          ]
        ]
      }
    },
    {
      "type": "Feature",
      "properties": {
        "name": "Europa",
        "osm_type": "way",
        "osm_id": 669871297
      },
      "geometry": {
        "type": "Polygon",
        "coordinates": [
          [
            [
              23.5769328,
              46.7494173
            ],
            [
              23.5782741,
              46.7469428
            ],
            [
              23.5817609,
              46.7418865
            ],
            [
              23.5834799,
              46.7375741
            ],
            [
              23.5858430,
              46.7388206
            ],
            [
              23.5858209,
              46.7391337
            ],
            [
              23.5863769,
              46.7392152
            ],
            [
              23.5864438,
              46.7392129
            ],
            [
              23.5875444,
              46.7390641
            ],
            [
              23.5880104,
              46.7389719
            ],
            [
              23.5885936,
              46.7388409
            ],
            [
              23.5909855,
              46.7380527
            ],
            [
              23.5912368,
              46.7381879
            ],
            [
              23.5912177,
              46.7386763
            ],
            [
              23.5912904,
              46.7392176
            ],
            [
              23.5922074,
              46.7437356
            ],
            [
              23.5926327,
              46.7460048
            ],
            [
              23.5928035,
              46.7468303
            ],
            [
              23.5929804,
              46.7475210
            ],
            [
              23.5931135,
              46.7478713
            ],
            [
              23.5933183,
              46.7482964
            ],
            [
              23.5889333,
              46.7485385
            ],
            [
              23.5886308,
              46.7484898
            ],
            [
              23.5884553,
              46.7484311
            ],
            [
              23.5877091,
              46.7484239
            ],
            [
              23.5863275,
              46.7483951
            ],
            [
              23.5861858,
              46.7484183
            ],
            [
              23.5852109,
              46.7484249
            ],
            [
              23.5850993,
              46.7484819
            ],
            [
              23.5844915,
              46.7484394
            ],
            [
              23.5843515,
              46.7487597
            ],
            [
              23.5842289,
              46.7489840
            ],
            [
              23.5840823,
              46.7492625
            ],
            [
              23.5837830,
              46.7497425
            ],
            [
              23.5835397,
              46.7502515
            ],
            [
              23.5833421,
              46.7504610
            ],
            [
              23.5832631,
              46.7504756
            ],
            [
              23.5830633,
              46.7507835
            ],
            [
              23.5829002,
              46.7511430
            ],
            [
              23.5802287,
              46.7505274
            ],
            [
              23.5801795,
              46.7506572
            ],
            [
              23.5796391,
              46.7507454
            ],
            [
              23.5788964,
              46.7507390
            ],
            [
              23.5773568,
              46.7503380
            ],
            [
              23.5778555,
              46.7496409
            ],
            [
              23.5769328,
              46.7494173
            ]
          ]
        ]
      }
    },
    {
      "type": "Feature",
      "properties": {
        "name": "Bună Ziua",
        "osm_type": "way",
        "osm_id": 669871521
      },
      "geometry": {
        "type": "Polygon",
        "coordinates": [
          [
            [
              23.5964657,
              46.7559488
            ],
            [
              23.5968473,
              46.7557800
            ],
            [
              23.5971393,
              46.7556822
            ],
            [
              23.5972796,
              46.7556357
            ],
            [
              23.5974122,
              46.7556101
            ],
            [
              23.5979998,
              46.7555941
            ],
            [
              23.5981326,
              46.7555987
            ],
            [
              23.5982945,
              46.7557696
            ],
            [
              23.5986110,
              46.7558888
            ],
            [
              23.5987591,
              46.7559104
            ],
            [
              23.5993554,
              46.7558181
            ],
            [
              23.5992945,
              46.7557536
            ],
            [
              23.5990676,
              46.7556088
            ],
            [
              23.5989555,
              46.7553705
            ],
            [
              23.5992066,
              46.7553149
            ],
            [
              23.5998084,
              46.7552174
            ],
            [
              23.5999131,
              46.7551129
            ],
            [
              23.6008804,
              46.7549508
            ],
            [
              23.6020167,
              46.7548492
            ],
            [
              23.6022555,
              46.7546244
            ],
            [
              23.6026926,
              46.7544929
            ],
            [
              23.6026504,
              46.7544152
            ],
            [
              23.6024902,
              46.7541443
            ],
            [
              23.6024505,
              46.7539663
            ],
            [
              23.6024480,
              46.7538799
            ],
            [
              23.6024558,
              46.7538351
            ],
            [
              23.6024775,
              46.7537628
            ],
            [
              23.6039192,
              46.7539969
            ],
            [
              23.6038917,
              46.7541209
            ],
            [
              23.6040828,
              46.7541476
            ],
            [
              23.6041226,
              46.7540096
            ],
            [
              23.6046093,
              46.7540846
            ],
            [
              23.6053671,
              46.7542677
            ],
            [
              23.6068183,
              46.7546147
            ],
            [
              23.6068048,
              46.7546809
            ],
            [
              23.6100397,
              46.7555789
            ],
            [
              23.6108468,
              46.7549111
            ],
            [
              23.6125238,
              46.7562241
            ],
            [
              23.6130258,
              46.7559604
            ],
            [
              23.6141148,
              46.7569309
            ],
            [
              23.6148815,
              46.7564873
            ],
            [
              23.6157550,
              46.7558913
            ],
            [
              23.6162370,
              46.7555952
            ],
            [
              23.6165406,
              46.7554443
            ],
            [
              23.6167092,
              46.7553741
            ],
            [
              23.6168754,
              46.7553600
            ],
            [
              23.6178265,
              46.7554783
            ],
            [
              23.6183336,
              46.7555053
            ],
            [
              23.6186743,
              46.7555252
            ],
            [
              23.6188257,
              46.7555771
            ],
            [
              23.6188735,
              46.7556058
            ],
            [
              23.6192755,
              46.7548404
            ],
            [
              23.6185284,
              46.7538072
            ],
            [
              23.6168461,
              46.7523929
            ],
            [
              23.6145239,
              46.7514807
            ],
            [
              23.6129579,
              46.7503963
            ],
            [
              23.6106191,
              46.7486526
            ],
            [
              23.6093558,
              46.7477151
            ],
            [
              23.6080227,
              46.7474146
            ],
            [
              23.6076548,
              46.7472870
            ],
            [
              23.6067419,
              46.7471095
            ],
            [
              23.6068699,
              46.7468875
            ],
            [
              23.6069777,
              46.7467314
            ],
            [
              23.6070686,
              46.7465754
            ],
            [
              23.6068417,
              46.7459904
            ],
            [
              23.6064699,
              46.7449958
            ],
            [
              23.6058206,
              46.7433328
            ],
            [
              23.6051404,
              46.7413323
            ],
            [
              23.6049041,
              46.7407393
            ],
            [
              23.6048038,
              46.7406824
            ],
            [
              23.6046505,
              46.7406613
            ],
            [
              23.6044260,
              46.7406735
            ],
            [
              23.6001103,
              46.7411767
            ],
            [
              23.5912368,
              46.7381879
            ],
            [
              23.5912177,
              46.7386763
            ],
            [
              23.5912904,
              46.7392176
            ],
            [
              23.5922074,
              46.7437356
            ],
            [
              23.5926327,
              46.7460048
            ],
            [
              23.5928035,
              46.7468303
            ],
            [
              23.5929804,
              46.7475210
            ],
            [
              23.5931135,
              46.7478713
            ],
            [
              23.5933183,
              46.7482964
            ],
            [
              23.5940682,
              46.7498336
            ],
            [
              23.5949651,
              46.7516475
            ],
            [
              23.5958309,
              46.7534747
            ],
            [
              23.5960798,
              46.7545308
            ],
            [
              23.5961987,
              46.7550586
            ],
            [
              23.5962348,
              46.7552359
            ],
            [
              23.5962326,
              46.7555901
            ],
            [
              23.5962134,
              46.7558492
            ],
            [
              23.5964657,
              46.7559488
            ]
          ]
        ]
      }
    },
    {
      "type": "Feature",
      "properties": {
        "name": "Becaș",
        "osm_type": "way",
        "osm_id": 669874484
      },
      "geometry": {
        "type": "Polygon",
        "coordinates": [
          [
            [
              23.6191685,
              46.7571702
            ],
            [
              23.6200934,
              46.7562788
            ],
            [
              23.6204651,
              46.7557316
            ],
            [
              23.6208519,
              46.7551935
            ],
            [
              23.6210297,
              46.7549379
            ],
            [
              23.6207722,
              46.7543052
            ],
            [
              23.6204153,
              46.7533679
            ],
            [
              23.6189562,
              46.7513097
            ],
            [
              23.6191486,
              46.7508416
            ],
            [
              23.6189991,
              46.7506628
            ],
            [
              23.6165744,
              46.7495895
            ],
            [
              23.6154800,
              46.7489279
            ],
            [
              23.6175829,
              46.7464578
            ],
            [
              23.6208445,
              46.7447227
            ],
            [
              23.6217242,
              46.7450315
            ],
            [
              23.6229044,
              46.7449874
            ],
            [
              23.6244064,
              46.7447522
            ],
            [
              23.6238485,
              46.7444140
            ],
            [
              23.6238485,
              46.7440464
            ],
            [
              23.6245566,
              46.7435611
            ],
            [
              23.6252004,
              46.7430612
            ],
            [
              23.6252862,
              46.7426936
            ],
            [
              23.6248570,
              46.7423260
            ],
            [
              23.6239987,
              46.7418848
            ],
            [
              23.6236125,
              46.7414731
            ],
            [
              23.6274749,
              46.7409584
            ],
            [
              23.6295440,
              46.7398320
            ],
            [
              23.6309725,
              46.7385321
            ],
            [
              23.6313587,
              46.7369144
            ],
            [
              23.6321841,
              46.7357790
            ],
            [
              23.6327394,
              46.7350764
            ],
            [
              23.6230761,
              46.7369291
            ],
            [
              23.6064678,
              46.7305905
            ],
            [
              23.6005455,
              46.7291638
            ],
            [
              23.6005455,
              46.7298110
            ],
            [
              23.6006957,
              46.7301345
            ],
            [
              23.6011034,
              46.7302816
            ],
            [
              23.6016184,
              46.7309582
            ],
            [
              23.6016184,
              46.7320171
            ],
            [
              23.6011034,
              46.7345026
            ],
            [
              23.6001103,
              46.7411767
            ],
            [
              23.6044260,
              46.7406735
            ],
            [
              23.6046505,
              46.7406613
            ],
            [
              23.6048038,
              46.7406824
            ],
            [
              23.6049041,
              46.7407393
            ],
            [
              23.6051404,
              46.7413323
            ],
            [
              23.6058206,
              46.7433328
            ],
            [
              23.6064699,
              46.7449958
            ],
            [
              23.6068417,
              46.7459904
            ],
            [
              23.6070686,
              46.7465754
            ],
            [
              23.6069777,
              46.7467314
            ],
            [
              23.6068699,
              46.7468875
            ],
            [
              23.6067419,
              46.7471095
            ],
            [
              23.6076548,
              46.7472870
            ],
            [
              23.6080227,
              46.7474146
            ],
            [
              23.6093558,
              46.7477151
            ],
            [
              23.6106191,
              46.7486526
            ],
            [
              23.6129579,
              46.7503963
            ],
            [
              23.6145239,
              46.7514807
            ],
            [
              23.6168461,
              46.7523929
            ],
            [
              23.6185284,
              46.7538072
            ],
            [
              23.6192755,
              46.7548404
            ],
            [
              23.6188735,
              46.7556058
            ],
            [
              23.6191685,
              46.7571702
            ]
          ]
        ]
      }
    },
    {
      "type": "Feature",
      "properties": {
        "name": "Borhanci",
        "osm_type": "way",
        "osm_id": 669877594
      },
      "geometry": {
        "type": "Polygon",
        "coordinates": [
          [
            [
              23.6191685,
              46.7571702
            ],
            [
              23.6200934,
              46.7562788
            ],
            [
              23.6204651,
              46.7557316
            ],
            [
              23.6207442,
              46.7553704
            ],
            [
              23.6208519,
              46.7551935
            ],
            [
              23.6210297,
              46.7549379
            ],
            [
              23.6207722,
              46.7543052
            ],
            [
              23.6204153,
              46.7533679
            ],
            [
              23.6189562,
              46.7513097
            ],
            [
              23.6191486,
              46.7508416
            ],
            [
              23.6189991,
              46.7506628
            ],
            [
              23.6165744,
              46.7495895
            ],
            [
              23.6154800,
              46.7489279
            ],
            [
              23.6175829,
              46.7464578
            ],
            [
              23.6208445,
              46.7447227
            ],
            [
              23.6217242,
              46.7450315
            ],
            [
              23.6229044,
              46.7449874
            ],
            [
              23.6244064,
              46.7447522
            ],
            [
              23.6238485,
              46.7444140
            ],
            [
              23.6238485,
              46.7440464
            ],
            [
              23.6245566,
              46.7435611
            ],
            [
              23.6252004,
              46.7430612
            ],
            [
              23.6252862,
              46.7426936
            ],
            [
              23.6248570,
              46.7423260
            ],
            [
              23.6239987,
              46.7418848
            ],
            [
              23.6236125,
              46.7414731
            ],
            [
              23.6274749,
              46.7409584
            ],
            [
              23.6295440,
              46.7398320
            ],
            [
              23.6309725,
              46.7385321
            ],
            [
              23.6313587,
              46.7369144
            ],
            [
              23.6327394,
              46.7350764
            ],
            [
              23.6346650,
              46.7347250
            ],
            [
              23.6515873,
              46.7381801
            ],
            [
              23.6579718,
              46.7416284
            ],
            [
              23.6567281,
              46.7493160
            ],
            [
              23.6468546,
              46.7570277
            ],
            [
              23.6313096,
              46.7557447
            ],
            [
              23.6248383,
              46.7578198
            ],
            [
              23.6245226,
              46.7578990
            ],
            [
              23.6208825,
              46.7575447
            ],
            [
              23.6194838,
              46.7573621
            ],
            [
              23.6191685,
              46.7571702
            ]
          ]
        ]
      }
    },
    {
      "type": "Feature",
      "properties": {
        "name": "Făget",
        "osm_type": "way",
        "osm_id": 669878314
      },
      "geometry": {
        "type": "Polygon",
        "coordinates": [
          [
            [
              23.6001103,
              46.7411767
            ],
            [
              23.6011034,
              46.7345026
            ],
            [
              23.6016184,
              46.7320171
            ],
            [
              23.6016184,
              46.7309582
            ],
            [
              23.6011034,
              46.7302816
            ],
            [
              23.6006957,
              46.7301345
            ],
            [
              23.6005455,
              46.7298110
            ],
            [
              23.6005455,
              46.7291638
            ],
            [
              23.5910778,
              46.7284638
            ],
            [
              23.5904388,
              46.7281750
            ],
            [
              23.5884599,
              46.7280814
            ],
            [
              23.5873871,
              46.7277137
            ],
            [
              23.5865502,
              46.7281991
            ],
            [
              23.5865717,
              46.7288315
            ],
            [
              23.5867004,
              46.7292875
            ],
            [
              23.5857347,
              46.7295713
            ],
            [
              23.5850367,
              46.7297958
            ],
            [
              23.5850340,
              46.7298418
            ],
            [
              23.5850260,
              46.7298859
            ],
            [
              23.5850126,
              46.7299282
            ],
            [
              23.5850152,
              46.7299723
            ],
            [
              23.5850260,
              46.7300164
            ],
            [
              23.5850394,
              46.7300587
            ],
            [
              23.5850689,
              46.7301010
            ],
            [
              23.5851118,
              46.7301267
            ],
            [
              23.5851574,
              46.7301598
            ],
            [
              23.5852057,
              46.7301947
            ],
            [
              23.5852486,
              46.7302334
            ],
            [
              23.5852700,
              46.7302756
            ],
            [
              23.5852835,
              46.7303198
            ],
            [
              23.5852727,
              46.7303639
            ],
            [
              23.5852218,
              46.7304485
            ],
            [
              23.5852084,
              46.7304907
            ],
            [
              23.5852084,
              46.7305496
            ],
            [
              23.5852164,
              46.7305937
            ],
            [
              23.5852352,
              46.7306378
            ],
            [
              23.5852647,
              46.7306783
            ],
            [
              23.5853049,
              46.7307169
            ],
            [
              23.5853344,
              46.7307518
            ],
            [
              23.5853612,
              46.7307959
            ],
            [
              23.5853961,
              46.7308364
            ],
            [
              23.5854229,
              46.7308787
            ],
            [
              23.5854337,
              46.7309228
            ],
            [
              23.5854363,
              46.7309687
            ],
            [
              23.5854363,
              46.7310147
            ],
            [
              23.5854390,
              46.7310588
            ],
            [
              23.5854390,
              46.7311066
            ],
            [
              23.5854310,
              46.7311507
            ],
            [
              23.5854229,
              46.7311967
            ],
            [
              23.5854229,
              46.7312427
            ],
            [
              23.5854310,
              46.7312886
            ],
            [
              23.5854363,
              46.7313806
            ],
            [
              23.5854444,
              46.7314283
            ],
            [
              23.5854793,
              46.7315166
            ],
            [
              23.5855088,
              46.7315570
            ],
            [
              23.5855436,
              46.7315956
            ],
            [
              23.5855892,
              46.7316287
            ],
            [
              23.5856295,
              46.7316637
            ],
            [
              23.5856482,
              46.7316968
            ],
            [
              23.5856590,
              46.7317390
            ],
            [
              23.5856563,
              46.7317850
            ],
            [
              23.5856456,
              46.7318291
            ],
            [
              23.5856241,
              46.7318696
            ],
            [
              23.5855919,
              46.7319100
            ],
            [
              23.5855892,
              46.7319560
            ],
            [
              23.5856000,
              46.7320038
            ],
            [
              23.5856026,
              46.7320479
            ],
            [
              23.5856241,
              46.7320883
            ],
            [
              23.5856482,
              46.7321288
            ],
            [
              23.5856482,
              46.7321747
            ],
            [
              23.5856456,
              46.7322207
            ],
            [
              23.5856295,
              46.7322648
            ],
            [
              23.5856026,
              46.7323034
            ],
            [
              23.5855705,
              46.7323420
            ],
            [
              23.5855544,
              46.7323880
            ],
            [
              23.5855544,
              46.7324340
            ],
            [
              23.5855490,
              46.7324799
            ],
            [
              23.5855275,
              46.7325222
            ],
            [
              23.5854954,
              46.7325608
            ],
            [
              23.5854605,
              46.7325994
            ],
            [
              23.5838310,
              46.7333570
            ],
            [
              23.5830863,
              46.7343968
            ],
            [
              23.5843806,
              46.7366235
            ],
            [
              23.5834799,
              46.7375741
            ],
            [
              23.5858430,
              46.7388206
            ],
            [
              23.5858209,
              46.7391337
            ],
            [
              23.5863769,
              46.7392152
            ],
            [
              23.5864438,
              46.7392129
            ],
            [
              23.5875444,
              46.7390641
            ],
            [
              23.5880104,
              46.7389719
            ],
            [
              23.5885936,
              46.7388409
            ],
            [
              23.5909855,
              46.7380527
            ],
            [
              23.5912368,
              46.7381879
            ],
            [
              23.6001103,
              46.7411767
            ]
          ]
        ]
      }
    },
    {
      "type": "Feature",
      "properties": {
        "name": "Între Ape",
        "osm_type": "way",
        "osm_id": 1433622105
      },
      "geometry": {
        "type": "Polygon",
        "coordinates": [
          [
            [
              23.5670415,
              46.7668468
            ],
            [
              23.5663495,
              46.7664499
            ],
            [
              23.5660233,
              46.7661346
            ],
            [
              23.5652357,
              46.7652044
            ],
            [
              23.5652733,
              46.7650108
            ],
            [
              23.5658530,
              46.7649777
            ],
            [
              23.5667163,
              46.7648389
            ],
            [
              23.5678306,
              46.7645977
            ],
            [
              23.5684799,
              46.7645157
            ],
            [
              23.5689274,
              46.7647046
            ],
            [
              23.5693043,
              46.7648611
            ],
            [
              23.5697690,
              46.7650017
            ],
            [
              23.5700627,
              46.7650172
            ],
            [
              23.5704536,
              46.7649608
            ],
            [
              23.5711069,
              46.7648778
            ],
            [
              23.5700957,
              46.7661618
            ],
            [
              23.5690904,
              46.7672447
            ],
            [
              23.5670415,
              46.7668468
            ]
          ]
        ]
      }
    }
  ]
}
